Bank,Period,Source_URL,Local_File
Agricultural Bank of China,2006-Q4,https://www.abchina.com/en/investor-relations/performance-reports/annual-reports/201603/P020160316618006791806.zip,Agricultural Bank of China_2006-Q4.pdf
Agricultural Bank of China,2007-Q4,https://www.abchina.com/en/investor-relations/performance-reports/annual-reports/201603/P020160316618011638898.zip,Agricultural Bank of China_2007-Q4.pdf
Agricultural Bank of China,2008-Q4,https://www.abchina.com/en/investor-relations/performance-reports/annual-reports/201603/P020160316618022267184.zip,Agricultural Bank of China_2008-Q4.pdf
Agricultural Bank of China,2009-Q4,https://www.abchina.com/en/investor-relations/performance-reports/annual-reports/201603/P020160316618037575615.zip,Agricultural Bank of China_2009-Q4.pdf
Agricultural Bank of China,2010-Q2,https://www.abchina.com/en/investor-relations/performance-reports/interim-reports/intrp/201603/W020160316628024780884.pdf,Agricultural Bank of China_2010-Q2.pdf
Agricultural Bank of China,2010-Q3,https://www.abchina.com/en/investor-relations/performance-reports/quarterly-reports/qurep/201603/W020160316628384893520.pdf,Agricultural Bank of China_2010-Q3.pdf
Agricultural Bank of China,2010-Q4,https://www.abchina.com/en/investor-relations/performance-reports/annual-reports/201603/P020160316618053818599.zip,Agricultural Bank of China_2010-Q4.pdf
Agricultural Bank of China,2011-Q1,https://www.abchina.com/en/investor-relations/performance-reports/quarterly-reports/qurep/201603/W020160316628390674785.pdf,Agricultural Bank of China_2011-Q1.pdf
Agricultural Bank of China,2011-Q2,https://www.abchina.com/en/investor-relations/performance-reports/interim-reports/intrp/201603/W020160316628058229590.pdf,Agricultural Bank of China_2011-Q2.pdf
Agricultural Bank of China,2011-Q3,https://www.abchina.com/en/investor-relations/performance-reports/quarterly-reports/qurep/201603/W020160316628396308073.pdf,Agricultural Bank of China_2011-Q3.pdf
Agricultural Bank of China,2011-Q4,https://www.abchina.com/en/investor-relations/performance-reports/annual-reports/201603/P020160316618068655280.zip,Agricultural Bank of China_2011-Q4.pdf
Agricultural Bank of China,2012-Q1,https://www.abchina.com/en/investor-relations/performance-reports/quarterly-reports/qurep/201603/W020160316628402230041.pdf,Agricultural Bank of China_2012-Q1.pdf
Agricultural Bank of China,2012-Q2,https://www.abchina.com/en/investor-relations/performance-reports/interim-reports/intrp/201603/W020160316628082127169.pdf,Agricultural Bank of China_2012-Q2.pdf
Agricultural Bank of China,2012-Q3,https://www.abchina.com/en/investor-relations/performance-reports/quarterly-reports/qurep/201603/W020160316628408176121.pdf,Agricultural Bank of China_2012-Q3.pdf
Agricultural Bank of China,2013-Q1,https://www.abchina.com/en/investor-relations/performance-reports/quarterly-reports/qurep/201603/W020160316628413649837.pdf,Agricultural Bank of China_2013-Q1.pdf
Agricultural Bank of China,2023-Q1,https://www.abchina.com/en/investor-relations/performance-reports/quarterly-reports/qurep/202306/W020230606638739314739.pdf,Agricultural Bank of China_2023-Q1.pdf
Agricultural Bank of China,2023-Q2,https://www.abchina.com/en/investor-relations/performance-reports/interim-reports/intrp/202308/W020230926637751035140.pdf,Agricultural Bank of China_2023-Q2.pdf
Agricultural Bank of China,2023-Q3,https://www.abchina.com/en/investor-relations/performance-reports/quarterly-reports/qurep/202310/W020231027669934383242.pdf,Agricultural Bank of China_2023-Q3.pdf
Agricultural Bank of China,2023-Q4,https://www.abchina.com/en/investor-relations/performance-reports/annual-reports/202404/P020240426659355378697.pdf,Agricultural Bank of China_2023-Q4.pdf
Agricultural Bank of China,2024-Q1,https://www.abchina.com/en/investor-relations/performance-reports/quarterly-reports/qurep/202404/W020240429609618301580.pdf,Agricultural Bank of China_2024-Q1.pdf
Agricultural Bank of China,2024-Q2,https://www.abchina.com/en/investor-relations/performance-reports/interim-reports/intrp/202408/W020240925604075008900.pdf,Agricultural Bank of China_2024-Q2.pdf
Agricultural Bank of China,2024-Q3,https://www.abchina.com/en/investor-relations/performance-reports/quarterly-reports/qurep/202410/W020241030615043490234.pdf,Agricultural Bank of China_2024-Q3.pdf
Agricultural Bank of China,2024-Q4,https://www.abchina.com/en/investor-relations/performance-reports/annual-reports/202503/P020250428602734413658.pdf,Agricultural Bank of China_2024-Q4.pdf
Agricultural Bank of China,2025-Q1,https://www.abchina.com/en/investor-relations/performance-reports/quarterly-reports/qurep/202504/W020250429531832287710.pdf,Agricultural Bank of China_2025-Q1.pdf
Agricultural Bank of China,2025-Q2,https://www.abchina.com/en/investor-relations/performance-reports/interim-reports/intrp/202508/W020250925629843131110.pdf,Agricultural Bank of China_2025-Q2.pdf
Agricultural Bank of China,2025-Q3,https://www.abchina.com/en/investor-relations/performance-reports/quarterly-reports/qurep/202510/W020251030601098531827.pdf,Agricultural Bank of China_2025-Q3.pdf
Agricultural Bank of China,2025-Q4,https://www.abchina.com/en/investor-relations/performance-reports/annual-reports/202603/P020260423652699711023.pdf,Agricultural Bank of China_2025-Q4.pdf
Agricultural Bank of China,2026-Q1,URL Not Found,Agricultural Bank of China_2026-Q1.pdf
BNP Paribas,2006-Q2,https://invest.bnpparibas/en/document/consolidated-financial-statements-9,BNP Paribas_2006-Q2.pdf
BNP Paribas,2006-Q4,https://invest.bnpparibas/en/document/financial-statements-annual-3,BNP Paribas_2006-Q4.pdf
BNP Paribas,2007-Q1,https://invest.bnpparibas/en/document/press-release-6,BNP Paribas_2007-Q1.pdf
BNP Paribas,2007-Q2,https://invest.bnpparibas/en/document/consolidated-financial-statements-6,BNP Paribas_2007-Q2.pdf
BNP Paribas,2007-Q3,https://invest.bnpparibas/en/document/press-release-4,BNP Paribas_2007-Q3.pdf
BNP Paribas,2007-Q4,https://invest.bnpparibas/en/document/annual-report-2007,BNP Paribas_2007-Q4.pdf
BNP Paribas,2008-Q2,https://invest.bnpparibas/en/document/press-release-1,BNP Paribas_2008-Q2.pdf
BNP Paribas,2008-Q3,https://invest.bnpparibas/en/document/press-release,BNP Paribas_2008-Q3.pdf
BNP Paribas,2008-Q4,https://invest.bnpparibas/en/document/annual-report-2008,BNP Paribas_2008-Q4.pdf
BNP Paribas,2009-Q1,https://invest.bnpparibas/en/document/press-release-1q09-results,BNP Paribas_2009-Q1.pdf
BNP Paribas,2009-Q2,https://invest.bnpparibas/en/document/slides-of-the-presentation-40,BNP Paribas_2009-Q2.pdf
BNP Paribas,2009-Q3,https://invest.bnpparibas/en/document/slides-of-the-presentation-39,BNP Paribas_2009-Q3.pdf
BNP Paribas,2010-Q1,https://invest.bnpparibas/en/document/press-release-1q10-results,BNP Paribas_2010-Q1.pdf
BNP Paribas,2010-Q2,https://invest.bnpparibas/en/document/consolidated-financial-statements-3,BNP Paribas_2010-Q2.pdf
BNP Paribas,2010-Q3,https://invest.bnpparibas/en/document/slides-of-the-presentation-35,BNP Paribas_2010-Q3.pdf
BNP Paribas,2010-Q4,https://invest.bnpparibas/en/document/slides-of-the-presentation-34,BNP Paribas_2010-Q4.pdf
BNP Paribas,2011-Q1,https://invest.bnpparibas/en/document/slides-of-the-presentation-33,BNP Paribas_2011-Q1.pdf
BNP Paribas,2011-Q2,https://invest.bnpparibas/en/document/financial-statements-unaudited,BNP Paribas_2011-Q2.pdf
BNP Paribas,2012-Q2,https://invest.bnpparibas/en/document/financial-statements-first-half-year-unaudited-2,BNP Paribas_2012-Q2.pdf
BNP Paribas,2013-Q1,https://invest.bnpparibas/en/document/press-release-1q13-results,BNP Paribas_2013-Q1.pdf
BNP Paribas,2013-Q3,https://invest.bnpparibas/en/document/press-release-3q13-results,BNP Paribas_2013-Q3.pdf
BNP Paribas,2013-Q4,https://invest.bnpparibas/en/document/press-release-4q13-results,BNP Paribas_2013-Q4.pdf
BNP Paribas,2014-Q1,https://invest.bnpparibas/en/document/press-release-1q14-results,BNP Paribas_2014-Q1.pdf
BNP Paribas,2014-Q2,https://invest.bnpparibas/en/document/press-release-2q14-results,BNP Paribas_2014-Q2.pdf
BNP Paribas,2014-Q4,https://invest.bnpparibas/en/document/press-release-4q14-results,BNP Paribas_2014-Q4.pdf
BNP Paribas,2015-Q1,https://invest.bnpparibas/en/document/1q15-pr,BNP Paribas_2015-Q1.pdf
BNP Paribas,2015-Q2,https://invest.bnpparibas/en/document/2q15-slides,BNP Paribas_2015-Q2.pdf
BNP Paribas,2015-Q4,https://invest.bnpparibas/en/document/4q15-pr,BNP Paribas_2015-Q4.pdf
BNP Paribas,2016-Q4,https://invest.bnpparibas/en/document/4q16-pr,BNP Paribas_2016-Q4.pdf
BNP Paribas,2017-Q2,https://invest.bnpparibas/en/document/2q17-cfsu,BNP Paribas_2017-Q2.pdf
BNP Paribas,2018-Q4,https://invest.bnpparibas/en/document/4q18-slides-95102,BNP Paribas_2018-Q4.pdf
BNP Paribas,2024-Q4,https://invest.bnpparibas/en/document/4q24-cfsu,BNP Paribas_2024-Q4.pdf
BNP Paribas,2025-Q2,https://invest.bnpparibas/en/document/2q25-results-transcript,BNP Paribas_2025-Q2.pdf
BNP Paribas,2025-Q3,https://invest.bnpparibas/en/document/third-quarter-2025-results-transcript,BNP Paribas_2025-Q3.pdf
BNP Paribas,2025-Q4,https://invest.bnpparibas/en/document/fourth-quarter-2025-results-transcript,BNP Paribas_2025-Q4.pdf
BNP Paribas,2026-Q1,URL Not Found,BNP Paribas_2026-Q1.pdf
Bank of China,2006-Q2,https://www.boc.cn/en/invester/ir3/200812/P020081212708280633988.pdf,Bank of China_2006-Q2.pdf
Bank of China,2006-Q3,https://www.boc.cn/en/invester/ir3/200812/P020081212708931094521.pdf,Bank of China_2006-Q3.pdf
Bank of China,2006-Q4,https://www.boc.cn/en/invester/ir3/200812/P020081212707644071528.pdf,Bank of China_2006-Q4.pdf
Bank of China,2007-Q1,https://www.boc.cn/en/invester/ir3/200812/P020081212709733121536.pdf,Bank of China_2007-Q1.pdf
Bank of China,2007-Q2,https://www.boc.cn/en/invester/ir3/200812/P020081212710228274350.pdf,Bank of China_2007-Q2.pdf
Bank of China,2007-Q3,https://www.boc.cn/en/investor/ir3/200812/P020081212710525466898.pdf,Bank of China_2007-Q3.pdf
Bank of China,2007-Q4,https://www.boc.cn/en/invester/ir3/200812/P020081212710831551281.pdf,Bank of China_2007-Q4.pdf
Bank of China,2008-Q1,https://www.boc.cn/en/investor/ir3/200812/P020081212711754360928.pdf,Bank of China_2008-Q1.pdf
Bank of China,2008-Q2,https://www.boc.cn/en/invester/ir3/200812/P020081212712303898435.pdf,Bank of China_2008-Q2.pdf
Bank of China,2008-Q3,https://www.boc.cn/en/investor/ir3/200812/P020081212712640132355.pdf,Bank of China_2008-Q3.pdf
Bank of China,2009-Q1,https://www.boc.cn/en/investor/ir3/200904/P020090428625017413688.pdf,Bank of China_2009-Q1.pdf
Bank of China,2009-Q2,https://pic.bankofchina.com/bocappd/report/200908/P020090827603255716588.pdf,Bank of China_2009-Q2.pdf
Bank of China,2010-Q2,https://pic.bankofchina.com/bocappd/report/201008/P020100826591492426244.pdf,Bank of China_2010-Q2.pdf
Bank of China,2010-Q4,https://pic.bankofchina.com/bocappd/report/201103/P020110324673249430441.pdf,Bank of China_2010-Q4.pdf
Bank of China,2011-Q1,https://pic.bankofchina.com/bocappd/report/201104/P020110428622034437918.pdf,Bank of China_2011-Q1.pdf
Bank of China,2011-Q2,https://www.boc.cn/en/investor/ir3/201108/t20110824_1501465.html,Bank of China_2011-Q2.pdf
Bank of China,2011-Q3,https://pic.bankofchina.com/bocappd/report/201110/P020111026599547739275.pdf,Bank of China_2011-Q3.pdf
Bank of China,2011-Q4,https://pic.bankofchina.com/bocappd/report/201203/P020120329663617082622.pdf,Bank of China_2011-Q4.pdf
Bank of China,2012-Q1,https://www.boc.cn/en/investor/ir3/201204/t20120426_1793994.html,Bank of China_2012-Q1.pdf
Bank of China,2012-Q2,https://pic.bankofchina.com/bocappd/report/201208/P020120823597545336696.pdf,Bank of China_2012-Q2.pdf
Bank of China,2012-Q3,https://www.boc.cn/en/investor/ir3/201210/t20121025_2026635.html,Bank of China_2012-Q3.pdf
Bank of China,2013-Q1,https://www.boc.cn/en/investor/ir3/201304/P020130425706596560907.pdf,Bank of China_2013-Q1.pdf
Bank of China,2013-Q2,https://www.boc.cn/en/investor/ir3/201309/P020130918544407880780.pdf,Bank of China_2013-Q2.pdf
Bank of China,2014-Q2,https://www.boc.cn/en/investor/ir3/201408/P020140819596139325581.pdf,Bank of China_2014-Q2.pdf
Bank of China,2015-Q2,https://www.boc.cn/en/investor/ir3/201509/P020150923596559719785.pdf,Bank of China_2015-Q2.pdf
Bank of China,2017-Q4,https://www.boc.cn/en/investor/ir3/201803/P020180329593657417394.pdf,Bank of China_2017-Q4.pdf
Bank of China,2018-Q4,https://pic.bankofchina.com/bocappd/report/201903/P020190329601110675116.pdf,Bank of China_2018-Q4.pdf
Bank of China,2019-Q2,https://pic.bankofchina.com/bocappd/report/201908/P020190830599905287278.pdf,Bank of China_2019-Q2.pdf
Bank of China,2020-Q1,https://pic.bankofchina.com/bocappd/report/202004/U020200429688848549195.pdf,Bank of China_2020-Q1.pdf
Bank of China,2020-Q3,https://pic.bankofchina.com/bocappd/report/202010/P020201030605376140134.pdf,Bank of China_2020-Q3.pdf
Bank of China,2021-Q1,https://pic.bankofchina.com/bocappd/report/202104/P020210429594084610029.pdf,Bank of China_2021-Q1.pdf
Bank of China,2021-Q3,https://pic.bankofchina.com/bocappd/report/202110/P020211029609190396309.pdf,Bank of China_2021-Q3.pdf
Bank of China,2022-Q2,https://www.boc.cn/en/investor/ir3/202209/P020220927762563431859.pdf,Bank of China_2022-Q2.pdf
Bank of China,2023-Q1,https://pic.bankofchina.com/bocappd/report/202304/P020230428613204903983.pdf,Bank of China_2023-Q1.pdf
Bank of China,2023-Q2,https://pic.bankofchina.com/bocappd/report/202308/P020230830558735792828.pdf,Bank of China_2023-Q2.pdf
Bank of China,2023-Q3,https://pic.bankofchina.com/bocappd/report/202310/P020231030580760334544.pdf,Bank of China_2023-Q3.pdf
Bank of China,2023-Q4,https://pic.bankofchina.com/bocappd/report/202403/P020240328682010029214.pdf,Bank of China_2023-Q4.pdf
Bank of China,2024-Q1,https://pic.bankofchina.com/bocappd/report/202404/P020240429682999014220.pdf,Bank of China_2024-Q1.pdf
Bank of China,2024-Q2,https://pic.bankofchina.com/bocappd/report/202408/P020240829626275183368.pdf,Bank of China_2024-Q2.pdf
Bank of China,2024-Q3,https://pic.bankofchina.com/bocappd/report/202410/P020241030599184902425.pdf,Bank of China_2024-Q3.pdf
Bank of China,2024-Q4,https://pic.bankofchina.com/bocappd/report/202503/P020250326622154965176.pdf,Bank of China_2024-Q4.pdf
Bank of China,2025-Q1,https://pic.bankofchina.com/bocappd/report/202504/P020250429642381455852.pdf,Bank of China_2025-Q1.pdf
Bank of China,2025-Q2,https://pic.bankofchina.com/bocappd/report/202508/P020250829603459872985.pdf,Bank of China_2025-Q2.pdf
Bank of China,2025-Q3,https://pic.bankofchina.com/bocappd/report/202510/P020251028595836209416.pdf,Bank of China_2025-Q3.pdf
Bank of China,2025-Q4,https://pic.bankofchina.com/bocappd/report/202603/P020260330594078083473.pdf,Bank of China_2025-Q4.pdf
Bank of China,2026-Q1,URL Not Found,Bank of China_2026-Q1.pdf
Bank of Communications,2006-Q2,https://www.bankcomm.com/BankCommSite/fileDownload.do?fileId=a57f8f84ff6a40228ffdb42a98cd3c44,Bank of Communications_2006-Q2.pdf
Bank of Communications,2006-Q4,https://www.bankcomm.com/BankCommSite/fileDownload.do?fileId=8b1580a4b5f4469e882c3c73ff365074,Bank of Communications_2006-Q4.pdf
Bank of Communications,2007-Q2,https://www.bankcomm.com/BankCommSite/fileDownload.do?fileId=11ccdc1aa65a4364acfeb0c7c30e7d1b,Bank of Communications_2007-Q2.pdf
Bank of Communications,2007-Q4,https://www.hkexnews.hk/listedco/listconews/sehk/2008/0402/ltn20080402448.pdf,Bank of Communications_2007-Q4.pdf
Bank of Communications,2008-Q2,https://www.bankcomm.com/BankCommSite/fileDownload.do?fileId=4d6b57d694114977a758a28d875e73ff,Bank of Communications_2008-Q2.pdf
Bank of Communications,2008-Q4,https://www.bankcomm.com/BankCommSite/fileDownload.do?fileId=4e7f4421ac0545e29d61784b07ad0c07,Bank of Communications_2008-Q4.pdf
Bank of Communications,2009-Q2,https://www.bankcomm.com/BankCommSite/fileDownload.do?fileId=0664580ac4644a89a2c6ec11d096bb4f,Bank of Communications_2009-Q2.pdf
Bank of Communications,2009-Q4,https://www.bankcomm.com/BankCommSite/fileDownload.do?fileId=42d9449720294f4b8681409b1a90ce7e,Bank of Communications_2009-Q4.pdf
Bank of Communications,2010-Q2,https://www.bankcomm.com/BankCommSite/fileDownload.do?fileId=128199a9ba214046960db889f86e1144,Bank of Communications_2010-Q2.pdf
Bank of Communications,2010-Q4,https://www.bankcomm.com/BankCommSite/fileDownload.do?fileId=8308e98735334666a7b0457deb8a85d3,Bank of Communications_2010-Q4.pdf
Bank of Communications,2011-Q2,https://www.bankcomm.com/BankCommSite/fileDownload.do?fileId=79f329576ee64ce59129da3dd06118d9,Bank of Communications_2011-Q2.pdf
Bank of Communications,2011-Q3,https://www.bankcomm.com/BankCommSite/file/fileDownload.html?fileId=4f37ce26f04c429b855063a44c712452,Bank of Communications_2011-Q3.pdf
Bank of Communications,2011-Q4,https://www.bankcomm.com/BankCommSite/fileDownload.do?fileId=71b6b159681d4387b6284239c62b1e3f,Bank of Communications_2011-Q4.pdf
Bank of Communications,2012-Q2,https://www.bankcomm.com/BankCommSite/fileDownload.do?fileId=a9fd4da721244ab3b803ed3143b10b85,Bank of Communications_2012-Q2.pdf
Bank of Communications,2012-Q4,https://www.bankcomm.com/BankCommSite/fileDownload.do?fileId=07984eb3c2c04c89a0e77046c049e128,Bank of Communications_2012-Q4.pdf
Bank of Communications,2013-Q2,https://www.bankcomm.com/BankCommSite/fileDownload.do?fileId=4100a44f99df4fb99d21d38149fb2078,Bank of Communications_2013-Q2.pdf
Bank of Communications,2013-Q4,https://www.bankcomm.com/BankCommSite/fileDownload.do?fileId=31d3bbe31e12403a81ee243f4c9f7b32,Bank of Communications_2013-Q4.pdf
Bank of Communications,2014-Q2,https://www.bankcomm.com/BankCommSite/fileDownload.do?fileId=0ff16e0a1b124a0b9f75305402891b20,Bank of Communications_2014-Q2.pdf
Bank of Communications,2014-Q4,https://www.bankcomm.com/BankCommSite/fileDownload.do?fileId=7cbd4d2a001d404a89602f61d8a0ab79,Bank of Communications_2014-Q4.pdf
Bank of Communications,2015-Q2,https://www.bankcomm.com/BankCommSite/fileDownload.do?fileId=dad8c5f31f534520981a6e83f46ebee6,Bank of Communications_2015-Q2.pdf
Bank of Communications,2015-Q4,https://www.bankcomm.com/BankCommSite/fileDownload.do?fileId=d377f1aece67411d9b1957c39e40b206,Bank of Communications_2015-Q4.pdf
Bank of Communications,2016-Q2,https://www.bankcomm.com/BankCommSite/fileDownload.do?fileId=4239d1623720462da7164be9b1868361,Bank of Communications_2016-Q2.pdf
Bank of Communications,2016-Q4,https://www.bankcomm.com/BankCommSite/fileDownload.do?fileId=1ee0473c4b3d4621bd34ea18a6a16051,Bank of Communications_2016-Q4.pdf
Bank of Communications,2017-Q2,https://www.bankcomm.com/BankCommSite/fileDownload.do?fileId=adab75e63e934ac9ab08c1fea0c0637c,Bank of Communications_2017-Q2.pdf
Bank of Communications,2017-Q4,https://www.bankcomm.com/BankCommSite/fileDownload.do?fileId=f377730d06954435b2a37ccc7ec0344a,Bank of Communications_2017-Q4.pdf
Bank of Communications,2018-Q2,https://www.bankcomm.com/BankCommSite/fileDownload.do?fileId=cd35f4a57662440ea93ca20e52c1fb1f,Bank of Communications_2018-Q2.pdf
Bank of Communications,2018-Q4,https://www.bankcomm.com/BankCommSite/fileDownload.do?fileId=fccfe6dae69547f9b4d0a4d3b9e2264e,Bank of Communications_2018-Q4.pdf
Bank of Communications,2019-Q2,https://www.bankcomm.com/BankCommSite/fileDownload.do?fileId=79a1f21c1b294b419673cc3af8ce7bf9,Bank of Communications_2019-Q2.pdf
Bank of Communications,2019-Q4,https://www.bankcomm.com/BankCommSite/fileDownload.do?fileId=c3ceaa86f07c460aa24b2b52e5cfc79f,Bank of Communications_2019-Q4.pdf
Bank of Communications,2020-Q2,https://www.bankcomm.com/BankCommSite/fileDownload.do?fileId=d9219dc343424fa0ae6f2f6c46c7791e,Bank of Communications_2020-Q2.pdf
Bank of Communications,2020-Q4,https://www.bankcomm.com/BankCommSite/fileDownload.do?fileId=156602bf92014a8a87198c7ca646ec54,Bank of Communications_2020-Q4.pdf
Bank of Communications,2021-Q2,https://www.bankcomm.com/BankCommSite/fileDownload.do?fileId=c6a04673a9644dcb8a7db98b0b67fffc,Bank of Communications_2021-Q2.pdf
Bank of Communications,2021-Q4,https://www.bankcomm.com/BankCommSite/fileDownload.do?fileId=aed39a9941224584ae6cf9fdd4c4591f,Bank of Communications_2021-Q4.pdf
Bank of Communications,2022-Q2,https://www.bankcomm.com/BankCommSite/fileDownload.do?fileId=404572c215114f49a6b8716df01a6846,Bank of Communications_2022-Q2.pdf
Bank of Communications,2022-Q4,https://www.bankcomm.com/BankCommSite/fileDownload.do?fileId=b0bc233885c249a09f221228fde8c794,Bank of Communications_2022-Q4.pdf
Bank of Communications,2023-Q2,https://www.bankcomm.com/BankCommSite/file/fileDownload.html?fileId=b7a585534ab848e4a6957052f0992e75,Bank of Communications_2023-Q2.pdf
Bank of Communications,2023-Q4,https://www.bankcomm.com/BankCommSite/file/fileDownload.html?fileId=cb374eafe3644a15a7243ef755111bb0,Bank of Communications_2023-Q4.pdf
Bank of Communications,2024-Q1,https://www.bankcomm.com/BankCommSite/file/fileDownload.html?fileId=b8aed06309cf40c7a8b4dd0d9d37266f,Bank of Communications_2024-Q1.pdf
Bank of Communications,2024-Q2,https://www.bankcomm.com/BankCommSite/file/fileDownload.html?fileId=b70d3292b05344a7892321126e2256fa,Bank of Communications_2024-Q2.pdf
Bank of Communications,2024-Q3,https://www.bankcomm.com/BankCommSite/file/fileDownload.html?fileId=f2a75af817314144a824667f6a83a21a,Bank of Communications_2024-Q3.pdf
Bank of Communications,2024-Q4,https://www.bankcomm.com/BankCommSite/file/fileDownload.html?fileId=a444dea898c24f128118f97620b6834d,Bank of Communications_2024-Q4.pdf
Bank of Communications,2025-Q1,https://www.bankcomm.com/BankCommSite/file/fileDownload.html?fileId=1ff8f0fcaaa848238790063a9d347460,Bank of Communications_2025-Q1.pdf
Bank of Communications,2025-Q2,https://www.bankcomm.com/BankCommSite/file/fileDownload.html?fileId=9058240e3c314dc2a757d90bd83a025e,Bank of Communications_2025-Q2.pdf
Bank of Communications,2025-Q3,https://www.bankcomm.com/BankCommSite/file/fileDownload.html?fileId=44745b85c15d43feb315278e04bceaa0,Bank of Communications_2025-Q3.pdf
Bank of Communications,2025-Q4,https://www.bankcomm.com/BankCommSite/file/fileDownload.html?fileId=94200da8362541739143385d24a50748,Bank of Communications_2025-Q4.pdf
Bank of Communications,2026-Q1,URL Not Found,Bank of Communications_2026-Q1.pdf
China Construction Bank,2006-Q2,https://www.ccb.com/cn/uploads/interimreport2006.1189065952109.pdf,China Construction Bank_2006-Q2.pdf
China Construction Bank,2007-Q4,https://www.ccb.com/cn/uploads/annualreport2007.1209119082546.pdf,China Construction Bank_2007-Q4.pdf
China Construction Bank,2009-Q2,https://www.ccb.com/cn/investor/20090831_1251709798/2009Half-YearReport_Eng.pdf,China Construction Bank_2009-Q2.pdf
China Construction Bank,2009-Q4,https://www.ccb.com/en/investor/20100429_1272548677/eng_full.111341752021278338176.pdf,China Construction Bank_2009-Q4.pdf
China Construction Bank,2010-Q2,https://www.ccb.com/en/investor/20100827_1282905687/E-halfyearreportofH.pdf,China Construction Bank_2010-Q2.pdf
China Construction Bank,2010-Q4,https://en.ccb.com/eng/2021-01/22/article_2021012217284992917.shtml,China Construction Bank_2010-Q4.pdf
China Construction Bank,2011-Q2,https://www.ccb.com/en/investor/20110922_1316696143/e.pdf,China Construction Bank_2011-Q2.pdf
China Construction Bank,2011-Q4,https://en.ccb.com/eng/2021-01/22/article_2021012217284973367.shtml,China Construction Bank_2011-Q4.pdf
China Construction Bank,2012-Q2,https://en.ccb.com/en/newinvestor/upload/20120928_1348795177/2012II.pdf,China Construction Bank_2012-Q2.pdf
China Construction Bank,2012-Q4,https://en.ccb.com/eng/2021-01/22/article_2021012217284932741.shtml,China Construction Bank_2012-Q4.pdf
China Construction Bank,2013-Q2,https://www.ccb.com/en/newinvestor/upload/20130908_1378636693/2013908183641545583.pdf,China Construction Bank_2013-Q2.pdf
China Construction Bank,2013-Q4,https://en.ccb.com/eng/2021-01/22/article_2021012217284998628.shtml,China Construction Bank_2013-Q4.pdf
China Construction Bank,2014-Q2,https://www.ccb.com/en/newinvestor/upload/20140925_1411610349/2014925101229781036.pdf,China Construction Bank_2014-Q2.pdf
China Construction Bank,2014-Q4,https://www.ccb.com/en/newinvestor/upload/20150701_1435718267/2014%20Annual%20Report.pdf,China Construction Bank_2014-Q4.pdf
China Construction Bank,2015-Q2,https://www.ccb.com/en/newinvestor/upload/20151111_1447222621/20151111141837898475.pdf,China Construction Bank_2015-Q2.pdf
China Construction Bank,2015-Q4,https://www.ccb.com/en/newinvestor/upload/20160513_1463122653/20160513145721469892.pdf,China Construction Bank_2015-Q4.pdf
China Construction Bank,2016-Q2,https://www.ccb.com/en/newinvestor/upload/20160926_1474857056/2016926102926294981.pdf,China Construction Bank_2016-Q2.pdf
China Construction Bank,2016-Q4,https://www.ccb.com/en/newinvestor/upload/20170428_1493365832/20170428155056458565.pdf,China Construction Bank_2016-Q4.pdf
China Construction Bank,2017-Q2,https://www.ccb.com/en/newinvestor/upload/20170928_1506566334/2017928103710791286.pdf,China Construction Bank_2017-Q2.pdf
China Construction Bank,2017-Q4,https://www.ccb.com/en/newinvestor/upload/20180817_1534487897/20180817143224827527.pdf,China Construction Bank_2017-Q4.pdf
China Construction Bank,2018-Q1,https://www.ccb.com/en/newinvestor/upload/20181023_1540296555/20181023200949904202.pdf,China Construction Bank_2018-Q1.pdf
China Construction Bank,2018-Q2,https://www.ccb.com/en/newinvestor/upload/20180927_1538014180/2018927100312115500.pdf,China Construction Bank_2018-Q2.pdf
China Construction Bank,2018-Q3,https://www.ccb.com/en/newinvestor/upload/20181023_1540294875/20181023194134686245.pdf,China Construction Bank_2018-Q3.pdf
China Construction Bank,2018-Q4,https://en.ccb.com/en/newinvestor/upload/20190429_1556547562/20190429222208956602.pdf,China Construction Bank_2018-Q4.pdf
China Construction Bank,2019-Q1,https://www.ccb.com/en/newinvestor/upload/20190429_1556547893/20190429222523261159.pdf,China Construction Bank_2019-Q1.pdf
China Construction Bank,2019-Q2,https://www.ccb.com/en/newinvestor/upload/20191101_1572579221/20191101112950924789.pdf,China Construction Bank_2019-Q2.pdf
China Construction Bank,2019-Q3,https://www.ccb.com/en/newinvestor/upload/20191030_1572438928/20191030203528190186.pdf,China Construction Bank_2019-Q3.pdf
China Construction Bank,2019-Q4,https://www.ccb.com/en/newinvestor/upload/20200428_1588066796/20200428214237304314.pdf,China Construction Bank_2019-Q4.pdf
China Construction Bank,2020-Q1,https://www.ccb.com/en/newinvestor/upload/20200428_1588080841/20200428213206693278.pdf,China Construction Bank_2020-Q1.pdf
China Construction Bank,2020-Q2,https://www.ccb.com/en/newinvestor/upload/20200925_1601027657/2020925174945028112.pdf,China Construction Bank_2020-Q2.pdf
China Construction Bank,2020-Q3,https://www.ccb.com/en/newinvestor/upload/20201029_1603974704/20201029202712248270.pdf,China Construction Bank_2020-Q3.pdf
China Construction Bank,2020-Q4,https://en.ccb.com/eng/attachDir/2021/07/2021072715121362963.pdf,China Construction Bank_2020-Q4.pdf
China Construction Bank,2021-Q1,https://en.ccb.com/eng/attachDir/2021/07/2021072715382357234.pdf,China Construction Bank_2021-Q1.pdf
China Construction Bank,2021-Q2,https://en.ccb.com/eng/attachDir/2022/05/2022051816270625325.pdf,China Construction Bank_2021-Q2.pdf
China Construction Bank,2021-Q3,https://en.ccb.com/eng/attachDir/2022/05/2022051816314977854.pdf,China Construction Bank_2021-Q3.pdf
China Construction Bank,2021-Q4,https://en.ccb.com/eng/attachDir/2022/05/2022051816184695536.rar,China Construction Bank_2021-Q4.pdf
China Construction Bank,2022-Q1,https://en.ccb.com/eng/attachDir/2022/05/2022051816292972576.pdf,China Construction Bank_2022-Q1.pdf
China Construction Bank,2022-Q2,https://www.ccb.com/en/newinvestor/upload/20220929_1664448215/2022929183613793043.pdf,China Construction Bank_2022-Q2.pdf
China Construction Bank,2022-Q3,https://www.ccb.com/en/newinvestor/upload/20221028_1666960927/20221028203418011394.pdf,China Construction Bank_2022-Q3.pdf
China Construction Bank,2022-Q4,https://en.ccb.com/eng/attachDir/2023/04/2023042415455368473.pdf,China Construction Bank_2022-Q4.pdf
China Construction Bank,2023-Q1,https://en.ccb.com/eng/attachDir/2023/04/2023042814214624169.pdf,China Construction Bank_2023-Q1.pdf
China Construction Bank,2023-Q2,https://en.ccb.com/eng/attachDir/2023/09/2023092715534815280.pdf,China Construction Bank_2023-Q2.pdf
China Construction Bank,2023-Q3,https://en.ccb.com/eng/attachDir/2023/10/2023102617122334783.pdf,China Construction Bank_2023-Q3.pdf
China Construction Bank,2023-Q4,https://en.ccb.com/eng/attachDir/2024/04/2024042517033349685.pdf,China Construction Bank_2023-Q4.pdf
China Construction Bank,2024-Q1,https://en.ccb.com/eng/attachDir/2024/04/2024042919475143703.pdf,China Construction Bank_2024-Q1.pdf
China Construction Bank,2024-Q2,https://en.ccb.com/eng/attachDir/2024/09/2024092617293982076.pdf,China Construction Bank_2024-Q2.pdf
China Construction Bank,2024-Q3,https://en.ccb.com/eng/attachDir/2024/10/2024103017284540663.pdf,China Construction Bank_2024-Q3.pdf
China Construction Bank,2024-Q4,https://en.ccb.com/eng/attachDir/2025/04/2025042816375133571.pdf,China Construction Bank_2024-Q4.pdf
China Construction Bank,2025-Q1,https://en.ccb.com/eng/attachDir/2025/04/2025042914232012479.pdf,China Construction Bank_2025-Q1.pdf
China Construction Bank,2025-Q2,https://en.ccb.com/eng/attachDir/2025/09/2025092616494572496.pdf,China Construction Bank_2025-Q2.pdf
China Construction Bank,2025-Q3,https://en.ccb.com/eng/attachDir/2025/10/2025103018043032630.pdf,China Construction Bank_2025-Q3.pdf
China Construction Bank,2025-Q4,https://en.ccb.com/eng/attachDir/2026/04/2026042717182397306.pdf,China Construction Bank_2025-Q4.pdf
China Construction Bank,2026-Q1,URL Not Found,China Construction Bank_2026-Q1.pdf
Crdit Agricole,2006-Q2,https://www.credit-agricole.com/en/pdfPreview/209645,Crdit Agricole_2006-Q2.pdf
Crdit Agricole,2006-Q4,https://www.credit-agricole.com/en/pdfPreview/104500,Crdit Agricole_2006-Q4.pdf
Crdit Agricole,2007-Q1,https://www.credit-agricole.com/en/pdfPreview/209718,Crdit Agricole_2007-Q1.pdf
Crdit Agricole,2007-Q2,https://www.credit-agricole.com/en/pdfPreview/209752,Crdit Agricole_2007-Q2.pdf
Crdit Agricole,2008-Q3,https://www.credit-agricole.com/en/pdfPreview/102947,Crdit Agricole_2008-Q3.pdf
Crdit Agricole,2010-Q2,https://www.credit-agricole.com/en/pdfPreview/103005,Crdit Agricole_2010-Q2.pdf
Crdit Agricole,2012-Q2,https://www.credit-agricole.com/en/pdfPreview/103069,Crdit Agricole_2012-Q2.pdf
Crdit Agricole,2013-Q1,https://www.credit-agricole.com/en/pdfPreview/103097,Crdit Agricole_2013-Q1.pdf
Crdit Agricole,2013-Q2,https://www.credit-agricole.com/en/pdfPreview/103103,Crdit Agricole_2013-Q2.pdf
Crdit Agricole,2013-Q3,https://www.credit-agricole.com/en/pdfPreview/103107,Crdit Agricole_2013-Q3.pdf
Crdit Agricole,2014-Q2,https://www.credit-agricole.com/en/pdfPreview/103135,Crdit Agricole_2014-Q2.pdf
Crdit Agricole,2023-Q3,https://www.credit-agricole.com/en/pdfPreview/200266,Crdit Agricole_2023-Q3.pdf
Crdit Agricole,2024-Q1,https://www.credit-agricole.com/en/pdfPreview/203031,Crdit Agricole_2024-Q1.pdf
Crdit Agricole,2024-Q2,https://www.credit-agricole.com/en/pdfPreview/203769,Crdit Agricole_2024-Q2.pdf
Crdit Agricole,2024-Q3,https://www.credit-agricole.com/en/pdfPreview/204615,Crdit Agricole_2024-Q3.pdf
Crdit Agricole,2025-Q1,https://www.credit-agricole.com/en/pdfPreview/206513,Crdit Agricole_2025-Q1.pdf
Crdit Agricole,2025-Q2,https://www.credit-agricole.com/en/pdfPreview/207484,Crdit Agricole_2025-Q2.pdf
Crdit Agricole,2025-Q3,https://www.credit-agricole.com/en/pdfPreview/208018,Crdit Agricole_2025-Q3.pdf
Crdit Agricole,2025-Q4,https://www.credit-agricole.com/en/pdfPreview/208647,Crdit Agricole_2025-Q4.pdf
Crdit Agricole,2026-Q1,URL Not Found,Crdit Agricole_2026-Q1.pdf
ICBC,2006-Q4,https://v.icbc.com.cn/userfiles/resources/icbcltd/download/lishi/icbc_hshareengi_asprintedfinal.pdf,ICBC_2006-Q4.pdf
ICBC,2007-Q1,https://www.icbc-ltd.com/icbc/html/download/nianbao/2007/icbc_jibao_h_2007nian_en.pdf,ICBC_2007-Q1.pdf
ICBC,2007-Q3,https://www.icbc-ltd.com/icbc/html/download/nianbao/2007/2007_3jidu_e.pdf,ICBC_2007-Q3.pdf
ICBC,2008-Q1,https://www.hkexnews.hk/listedco/listconews/sehk/20080429/LTN20080429621.pdf,ICBC_2008-Q1.pdf
ICBC,2008-Q2,https://www.icbc-ltd.com/ICBC/html/download/nianbao/2008/ICBCinterimreport2008_en.pdf,ICBC_2008-Q2.pdf
ICBC,2010-Q1,https://www.hkexnews.hk/listedco/listconews/sehk/20100429/LTN20100429336.pdf,ICBC_2010-Q1.pdf
ICBC,2024-Q3,https://v.icbc.com.cn/userfiles/Resources/ICBCLTD/download/2024/Announcement20241030_3.pdf,ICBC_2024-Q3.pdf
ICBC,2024-Q4,https://v.icbc.com.cn/userfiles/Resources/ICBCLTD/download/2025/Announcement20250425_1.pdf,ICBC_2024-Q4.pdf
ICBC,2025-Q1,https://v.icbc.com.cn/userfiles/Resources/ICBCLTD/download/2025/Announcement20250429_3.pdf,ICBC_2025-Q1.pdf
ICBC,2025-Q2,https://v.icbc.com.cn/userfiles/Resources/ICBCLTD/download/2025/Announcement20250924_2.pdf,ICBC_2025-Q2.pdf
ICBC,2025-Q3,https://v.icbc.com.cn/userfiles/Resources/ICBCLTD/download/2025/Announcement20251030_5.pdf,ICBC_2025-Q3.pdf
Socit Gnrale,2006-Q1,https://www.societegenerale.com/sites/default/files/documents/2023-05/societe-generale-slides-q106-gb.pdf,Socit Gnrale_2006-Q1.pdf
Socit Gnrale,2006-Q2,https://www.societegenerale.com/sites/default/files/documents/2023-05/societe-generale-slides-q206-gb.pdf,Socit Gnrale_2006-Q2.pdf
Socit Gnrale,2006-Q3,https://www.societegenerale.com/sites/default/files/documents/2023-05/societe-generale-slides-q306-gb.pdf,Socit Gnrale_2006-Q3.pdf
Socit Gnrale,2006-Q4,https://www.societegenerale.com/sites/default/files/documents/2023-05/societe-generale-slides-q406-gb.pdf,Socit Gnrale_2006-Q4.pdf
Socit Gnrale,2007-Q1,https://www.societegenerale.com/sites/default/files/documents/R%C3%A9sultats%20financiers/2007%20EN/societe-generale-slides-q107-gb.pdf,Socit Gnrale_2007-Q1.pdf
Socit Gnrale,2007-Q2,https://www.societegenerale.com/sites/default/files/documents/R%C3%A9sultats%20financiers/2007%20EN/societe-generale-slides-q207-gb.pdf,Socit Gnrale_2007-Q2.pdf
Socit Gnrale,2007-Q3,https://www.societegenerale.com/sites/default/files/documents/R%C3%A9sultats%20financiers/2007%20EN/societe-generale-cdq307-gb.pdf,Socit Gnrale_2007-Q3.pdf
Socit Gnrale,2007-Q4,https://www.societegenerale.com/sites/default/files/documents/R%C3%A9sultats%20financiers/2007%20EN/societe-generale-slides-q407-gb.PDF,Socit Gnrale_2007-Q4.pdf
Socit Gnrale,2008-Q1,https://www.societegenerale.com/sites/default/files/documents/R%C3%A9sultats%20financiers/2008%20EN/societe-generale-slides-q108-gb.pdf,Socit Gnrale_2008-Q1.pdf
Socit Gnrale,2008-Q4,https://investors.societegenerale.com/sites/default/files/documents/R%C3%A9sultats%20financiers/2008%20EN/consolidated-financial-statements-31-12-2008.pdf,Socit Gnrale_2008-Q4.pdf
Socit Gnrale,2009-Q4,https://investors.societegenerale.com/sites/default/files/documents/Document%20de%20r%C3%A9f%C3%A9rence/2009%20EN/societe-generale-registration-document-2010-may-6-2010-1.pdf,Socit Gnrale_2009-Q4.pdf
Socit Gnrale,2011-Q1,https://www.societegenerale.com/sites/default/files/documents/R%C3%A9sultats%20financiers/2011%20EN/q1-11-anx-2.pdf,Socit Gnrale_2011-Q1.pdf
Socit Gnrale,2011-Q2,https://www.societegenerale.com/sites/default/files/documents/R%C3%A9sultats%20financiers/2011%20EN/q2-11-anx-2.pdf,Socit Gnrale_2011-Q2.pdf
Socit Gnrale,2011-Q3,https://www.societegenerale.com/sites/default/files/documents/R%C3%A9sultats%20financiers/2011%20EN/q3-11-v4.pdf,Socit Gnrale_2011-Q3.pdf
Socit Gnrale,2014-Q2,https://www.societegenerale.com/sites/default/files/documents/R%C3%A9sultats%20financiers/2014%20EN/q2-14-full.pdf,Socit Gnrale_2014-Q2.pdf
Socit Gnrale,2014-Q3,https://www.societegenerale.com/sites/default/files/documents/R%C3%A9sultats%20financiers/2014%20EN/T3/q3-14-full.pdf,Socit Gnrale_2014-Q3.pdf
Socit Gnrale,2014-Q4,https://www.societegenerale.com/sites/default/files/documents/R%C3%A9sultats%20financiers/2014%20EN/T4/etat-financier-va.pdf,Socit Gnrale_2014-Q4.pdf
Socit Gnrale,2015-Q2,https://www.societegenerale.com/sites/default/files/documents/R%C3%A9sultats%20financiers/2015_EN/T2/financial-statements-t2-2015.pdf,Socit Gnrale_2015-Q2.pdf
Socit Gnrale,2015-Q3,https://www.societegenerale.com/sites/default/files/documents/R%C3%A9sultats%20financiers/2015_EN/T3/cp-q3-2015.pdf,Socit Gnrale_2015-Q3.pdf
Socit Gnrale,2015-Q4,https://www.societegenerale.com/sites/default/files/documents/R%C3%A9sultats%20financiers/2015_EN/T4/financial-statements-and-notes-2015.pdf,Socit Gnrale_2015-Q4.pdf
Socit Gnrale,2016-Q1,https://www.societegenerale.com/sites/default/files/documents/R%C3%A9sultats%20financiers/2016_EN/T1/CP_Q1_2016.pdf,Socit Gnrale_2016-Q1.pdf
Socit Gnrale,2016-Q2,https://www.societegenerale.com/sites/default/files/documents/R%C3%A9sultats%20financiers/2016_EN/T2/presentation-q2-2016.pdf,Socit Gnrale_2016-Q2.pdf
Socit Gnrale,2019-Q4,https://www.societegenerale.com/sites/default/files/documents/R%C3%A9sultats%20financiers/2019/Q4/presentation-q4-2019.pdf,Socit Gnrale_2019-Q4.pdf
Socit Gnrale,2020-Q1,https://www.societegenerale.com/sites/default/files/documents/R%C3%A9sultats%20financiers/2020/Q1/presentation_q1_2020.pdf,Socit Gnrale_2020-Q1.pdf
Socit Gnrale,2020-Q2,https://www.societegenerale.com/sites/default/files/documents/2020-10/q2-2020-financial-results-presentation.pdf,Socit Gnrale_2020-Q2.pdf
Socit Gnrale,2020-Q4,https://www.societegenerale.com/sites/default/files/documents/2021-02/presentation-q4-2020.pdf,Socit Gnrale_2020-Q4.pdf
Socit Gnrale,2023-Q4,https://www.societegenerale.com/sites/default/files/resultats_publication/en/2024-02/q4-2023-Press-release_EN.pdf,Socit Gnrale_2023-Q4.pdf
Socit Gnrale,2024-Q1,https://www.societegenerale.com/sites/default/files/resultats_publication/en/2024-05/q1-2024-Financial-Results-Presentation.pdf,Socit Gnrale_2024-Q1.pdf
Socit Gnrale,2024-Q2,https://www.societegenerale.com/sites/default/files/resultats_publication/en/2024-08/q2-2024-Financial-statements_EN.pdf,Socit Gnrale_2024-Q2.pdf
Socit Gnrale,2024-Q3,https://www.societegenerale.com/sites/default/files/resultats_publication/en/2024-10/q3-2024-Press-release_EN.pdf,Socit Gnrale_2024-Q3.pdf
Socit Gnrale,2024-Q4,https://www.societegenerale.com/sites/default/files/resultats_publication/en/2025-02/q4-2024-Financial-statements_EN.pdf,Socit Gnrale_2024-Q4.pdf
Socit Gnrale,2025-Q1,https://www.societegenerale.com/sites/default/files/resultats_publication/en/2025-04/q1-2025-Financial-Results-Presentation.pdf,Socit Gnrale_2025-Q1.pdf
Standard Chartered,2006-Q2,https://www.sc.com/en/uploads/sites/66/content/docs/2006-Half-Year-Press-Release.pdf,Standard Chartered_2006-Q2.pdf
Standard Chartered,2006-Q4,https://www.sc.com/en/uploads/sites/66/content/docs/2006_ARA.pdf,Standard Chartered_2006-Q4.pdf
Standard Chartered,2010-Q3,https://www.sc.com/en/uploads/sites/66/content/docs/IMSOct_2010_WebPrint_FINAL.pdf,Standard Chartered_2010-Q3.pdf
Standard Chartered,2011-Q1,https://www.sc.com/en/uploads/sites/66/content/docs/Standard_Chartered_PLC_IMS_Q1_2011.pdf,Standard Chartered_2011-Q1.pdf
Standard Chartered,2011-Q3,https://www.sc.com/en/uploads/sites/66/content/docs/Standard_Chartered_IMS_Nov_2011_FINAL_.pdf,Standard Chartered_2011-Q3.pdf
Standard Chartered,2012-Q2,https://www.sc.com/en/uploads/sites/66/content/docs/2012-Half-Year-Report.pdf,Standard Chartered_2012-Q2.pdf
Standard Chartered,2012-Q3,https://www.sc.com/en/uploads/sites/66/content/docs/Q3_Interim_Management_Statement_2012.pdf,Standard Chartered_2012-Q3.pdf
Standard Chartered,2012-Q4,https://www.sc.com/en/uploads/sites/66/content/docs/Annual_Report_2012.pdf,Standard Chartered_2012-Q4.pdf
Standard Chartered,2013-Q1,https://www.sc.com/en/uploads/sites/66/content/docs/Standard_Chartered_PLC_IMS_Q1_8_May_2013.pdf,Standard Chartered_2013-Q1.pdf
Standard Chartered,2013-Q2,https://www.sc.com/en/uploads/sites/66/content/docs/Half_Year_Report_2013.pdf,Standard Chartered_2013-Q2.pdf
Standard Chartered,2013-Q4,https://www.sc.com/en/uploads/sites/66/content/docs/Annual_Report_2013.pdf,Standard Chartered_2013-Q4.pdf
Standard Chartered,2014-Q2,https://www.sc.com/EN/uploads/sites/66/content/docs/Half_Year_Report_2014.pdf,Standard Chartered_2014-Q2.pdf
Standard Chartered,2014-Q4,https://www.sc.com/en/uploads/sites/66/content/docs/2014-Press-Release.pdf,Standard Chartered_2014-Q4.pdf
Standard Chartered,2015-Q1,https://www.sc.com/en/uploads/sites/66/content/docs/Standard_Chartered_PLC_IMS_Q1_28_Apr_2015_FINAL.pdf,Standard Chartered_2015-Q1.pdf
Standard Chartered,2015-Q2,https://www.sc.com/en/uploads/sites/66/content/docs/Half_Year_Report_2015.pdf,Standard Chartered_2015-Q2.pdf
Standard Chartered,2015-Q4,https://www.sc.com/en/uploads/sites/66/content/docs/Annual_Report_2015.pdf,Standard Chartered_2015-Q4.pdf
Standard Chartered,2016-Q1,https://www.sc.com/en/uploads/sites/66/content/docs/Standard_Chartered_PLC_IMS_Q1_26_Apr_2016.pdf,Standard Chartered_2016-Q1.pdf
Standard Chartered,2016-Q3,https://www.sc.com/en/uploads/sites/66/content/docs/Standard_Chartered_PLC_-_Q3_Interim_Management_Statement.pdf,Standard Chartered_2016-Q3.pdf
Standard Chartered,2017-Q1,https://www.sc.com/en/uploads/sites/66/content/docs/Standard_Chartered_PLC_IMS_Q1_April_2017.pdf,Standard Chartered_2017-Q1.pdf
Standard Chartered,2017-Q3,https://www.sc.com/en/uploads/sites/66/content/docs/Standard_Chartered_PLC_IMS_Q3_1_Nov_2017_FINAL.pdf,Standard Chartered_2017-Q3.pdf
Standard Chartered,2017-Q4,https://www.sc.com/en/uploads/sites/66/content/docs/Standard-Chartered-PLC-2017-Annual-Report.pdf,Standard Chartered_2017-Q4.pdf
Standard Chartered,2018-Q1,https://www.sc.com/en/uploads/sites/66/content/docs/Standard_Chartered_PLC_IMS_Q1_2_May_2018.pdf,Standard Chartered_2018-Q1.pdf
Standard Chartered,2018-Q3,https://www.sc.com/en/uploads/sites/66/content/docs/Standard_Chartered_PLC_IMS_Q3_31_Oct_2018.pdf,Standard Chartered_2018-Q3.pdf
Standard Chartered,2018-Q4,https://www.sc.com/EN/uploads/sites/66/content/docs/annual-report-18.pdf,Standard Chartered_2018-Q4.pdf
Standard Chartered,2019-Q2,https://www.sc.com/en/uploads/sites/66/content/docs/standard-chartered-plc-hy-2019-press-release.pdf,Standard Chartered_2019-Q2.pdf
Standard Chartered,2019-Q3,https://www.sc.com/en/uploads/sites/66/content/docs/standard-chartered-plc-3q-2019-results.pdf,Standard Chartered_2019-Q3.pdf
Standard Chartered,2019-Q4,https://www.sc.com/en/uploads/sites/66/content/docs/standard-chartered-plc-full-year-2019-report.pdf,Standard Chartered_2019-Q4.pdf
Standard Chartered,2022-Q2,https://www.sc.com/en/uploads/sites/66/content/docs/standard-chartered-plc-hy-2022-report.pdf,Standard Chartered_2022-Q2.pdf
Standard Chartered,2022-Q3,https://www.sc.com/en/uploads/sites/66/content/docs/standard-chartered-plc-3q-2022-results.pdf,Standard Chartered_2022-Q3.pdf
Standard Chartered,2023-Q2,https://www.sc.com/en/uploads/sites/66/content/docs/standard-chartered-plc-hy-2023-report.pdf,Standard Chartered_2023-Q2.pdf
Standard Chartered,2023-Q3,https://www.sc.com/en/uploads/sites/66/content/docs/standard-chartered-plc-3q-2023-results.pdf,Standard Chartered_2023-Q3.pdf
Standard Chartered,2023-Q4,https://www.sc.com/en/uploads/sites/66/content/docs/standard-chartered-plc-full-year-2023-press-release.pdf,Standard Chartered_2023-Q4.pdf
Standard Chartered,2024-Q1,https://www.sc.com/en/uploads/sites/66/content/docs/standard-chartered-plc-1q-2024-results.pdf,Standard Chartered_2024-Q1.pdf
Standard Chartered,2024-Q2,https://www.sc.com/EN/uploads/sites/66/content/docs/standard-chartered-plc-hy-2024-report.pdf,Standard Chartered_2024-Q2.pdf
Standard Chartered,2024-Q3,https://www.sc.com/en/uploads/sites/66/content/docs/standard-chartered-plc-3q-2024-results.pdf,Standard Chartered_2024-Q3.pdf
Standard Chartered,2024-Q4,https://www.sc.com/en/uploads/sites/66/content/docs/standard-chartered-plc-full-year-2024-report.pdf,Standard Chartered_2024-Q4.pdf
Standard Chartered,2025-Q1,https://www.sc.com/en/uploads/sites/66/content/docs/standard-chartered-plc-q1-2025-results.pdf,Standard Chartered_2025-Q1.pdf
Standard Chartered,2025-Q2,https://www.sc.com/EN/uploads/sites/66/content/docs/standard-chartered-plc-hy-2025-report.pdf,Standard Chartered_2025-Q2.pdf
Standard Chartered,2025-Q3,https://www.sc.com/en/uploads/sites/66/content/docs/standard-chartered-plc-q3-2025-results.pdf,Standard Chartered_2025-Q3.pdf
Standard Chartered,2025-Q4,https://www.sc.com/en/uploads/sites/66/content/docs/standard-chartered-plc-2025-annual-report.pdf,Standard Chartered_2025-Q4.pdf
Standard Chartered,2026-Q1,URL Not Found,Standard Chartered_2026-Q1.pdf
